eval,best_loss
1,0.2185679131628483
3,0.21834887061406427
6,0.19529326836667482
268,0.1946250476432938
287,0.19242533836651565
340,0.18935495359183974
356,0.1866753063829315
378,0.18655888772033857
453,0.18458074908727962
472,0.1823152121473336
671,0.18206714750964437
740,0.181235121264673
763,0.180159784885642
1688,0.18003833382228562
1897,0.18001873271452373
1962,0.1799198759814199
1995,0.17970293919457603
2037,0.17961329852014363
2049,0.1789997563186625
2141,0.17810170395902836
2442,0.17785658705100138
